col1,col2,col3
1,1,0
2,4,0.602059991
3,9,0.954242509
4,16,1.204119983
5,25,1.397940009
6,36,1.556302501
7,49,1.69019608
8,64,1.806179974
9,81,1.908485019
10,100,2
11,121,2.08278537
12,144,2.158362492
13,169,2.227886705
14,196,2.292256071
15,225,2.352182518
16,256,2.408239965
17,289,2.460897843
18,324,2.51054501
19,361,2.557507202
20,400,2.602059991
21,441,2.644438589
22,484,2.684845362
23,529,2.723455672